sin(x),-10.0,10.0
-10.0,0.5440211108893698
-9.99,0.5356033346142913
-9.98,0.527131998452086
-9.97,0.5186079495293108
-9.96,0.5100320402437544
-9.950000000000001,0.5014051281791989
-9.940000000000001,0.49272807601966173
-9.930000000000001,0.48400175146312796
-9.920000000000002,0.4752270271347814
-9.910000000000002,0.46640478049974243
-9.900000000000002,0.45753589377532294
-9.890000000000002,0.44862125384280455
-9.880000000000003,0.43966175215875164
-9.870000000000003,0.4306582846658665
-9.860000000000003,0.4216117517033954
-9.850000000000003,0.4125230579170959
-9.840000000000003,0.4033931121687728
-9.830000000000004,0.39422282744539267
-9.820000000000004,0.38501312076778593
-9.810000000000004,0.37576491309894555
-9.800000000000004,0.3664791292519317
-9.790000000000004,0.3571566977973909
-9.780000000000005,0.3477985509707
-9.770000000000005,0.3384056245787431
-9.760000000000005,0.3289788579063322
-9.750000000000005,0.3195191936222787
-9.740000000000006,0.3100275776851281
-9.730000000000006,0.30050495924856446
-9.720000000000006,0.2909522905664959
-9.710000000000006,0.28137052689783015
-9.700000000000006,0.2717606264109493
-9.690000000000007,0.26212355008789373
-9.680000000000007,0.25246026162826496
-9.670000000000007,0.24277172735285624
-9.660000000000007,0.2330589161070213
-9.650000000000007,0.2233227991637908
-9.640000000000008,0.21356435012674563
-9.630000000000008,0.20378454483265748
-9.620000000000008,0.19398436125390595
-9.610000000000008,0.18416477940068213
-9.600000000000009,0.1743267812229884
-9.590000000000009,0.16447135051244416
-9.580000000000009,0.1545994728039077
-9.57000000000001,0.14471213527692334
-9.56000000000001,0.1348103266570043
-9.55000000000001,0.12489503711676113
-9.54000000000001,0.11496725817688513
-9.53000000000001,0.1050279826069972
-9.52000000000001,0.09507820432637157
-9.51000000000001,0.08511891830454488
-9.50000000000001,0.07515112046181993
-9.49000000000001,0.06517580756967453
-9.480000000000011,0.055193977151085157
-9.470000000000011,0.0452066273807755
-9.460000000000012,0.03521475698539983
-9.450000000000012,0.025219365143671152
-9.440000000000012,0.015221451386444176
-9.430000000000012,0.005222015496763054
-9.420000000000012,-0.004777942590116077
-9.410000000000013,-0.014777422886717803
-9.400000000000013,-0.024775425453345334
-9.390000000000013,-0.034770950498073654
-9.380000000000013,-0.04476299847672786
-9.370000000000013,-0.054750570192836766
-9.360000000000014,-0.06473266689755171
-9.350000000000014,-0.0747082903895206
-9.340000000000014,-0.08467644311470726
-9.330000000000014,-0.09463612826614591
-9.320000000000014,-0.10458634988362112
-9.310000000000015,-0.11452611295326297
-9.300000000000015,-0.1244544235070476
-9.290000000000015,-0.1343702887221932
-9.280000000000015,-0.14427271702044145
-9.270000000000016,-0.15416071816721452
-9.260000000000016,-0.1640333033706377
-9.250000000000016,-0.1738894853804178
-9.240000000000016,-0.18372827858656726
-9.230000000000016,-0.19354869911796446
-9.220000000000017,-0.20334976494073992
-9.210000000000017,-0.21313049595647887
-9.200000000000017,-0.22288991410023035
-9.190000000000017,-0.23262704343831275
-9.180000000000017,-0.24234091026590654
-9.170000000000018,-0.25203054320442386
-9.160000000000018,-0.26169497329864544
-9.150000000000018,-0.27133323411361565
-9.140000000000018,-0.2809443618312847
-9.130000000000019,-0.2905273953468902
-9.120000000000019,-0.3000813763650663
-9.110000000000019,-0.3096053494956729
-9.10000000000002,-0.3190983623493336
-9.09000000000002,-0.32855946563267374
-9.08000000000002,-0.3379877132432492
-9.07000000000002,-0.3473821623641559
-9.06000000000002,-0.35674187355831033
-9.05000000000002,-0.3660659108623928
-9.04000000000002,-0.375353341880443
-9.03000000000002,-0.38460323787709855
-9.020000000000021,-0.39381467387046803
-9.010000000000021,-0.40298672872462826
-9.000000000000021,-0.41211848524173716
-8.990000000000022,-0.42120903025375284
-8.980000000000022,-0.4302574547137495
-8.970000000000022,-0.4392628537868214
-8.960000000000022,-0.44822432694056585
-8.950000000000022,-0.45714097803513526
-8.940000000000023,-0.4660119154128507
-8.930000000000023,-0.47483625198736684
-8.920000000000023,-0.4836131053323798
-8.910000000000023,-0.4923415977698691
-8.900000000000023,-0.5010208564578646
-8.890000000000024,-0.5096500134777305
-8.880000000000024,-0.5182282059209554
-8.870000000000024,-0.5267545759754437
-8.860000000000024,-0.5352282710112951
-8.850000000000025,-0.5436484436660675
-8.840000000000025,-0.5520142519295121
-8.830000000000025,-0.5603248592277741
-8.820000000000025,-0.5685794345070492
-8.810000000000025,-0.5767771523166881
-8.800000000000026,-0.5849171928917415
-8.790000000000026,-0.592998742234935
-8.780000000000026,-0.601020992198069
-8.770000000000026,-0.6089831405628324
-8.760000000000026,-0.6168843911210238
-8.750000000000027,-0.6247239537541716
-8.740000000000027,-0.6325010445125456
-8.730000000000027,-0.6402148856935508
-8.720000000000027,-0.6478647059194973
-8.710000000000027,-0.6554497402147372
-8.700000000000028,-0.662969230082162
-8.690000000000028,-0.6704224235790511
-8.680000000000028,-0.6778085753922658
-8.670000000000028,-0.6851269469127799
-8.660000000000029,-0.6923768063095399
-8.650000000000029,-0.6995574286026477
-8.640000000000029,-0.7066680957358579
-8.63000000000003,-0.7137080966483825
-8.62000000000003,-0.7206767273459971
-8.61000000000003,-0.7275732909714391
-8.60000000000003,-0.7343970978740929
-8.59000000000003,-0.7411474656789548
-8.58000000000003,-0.7478237193548698
-8.57000000000003,-0.7544251912820336
-8.56000000000003,-0.7609512213187547
-8.550000000000031,-0.7674011568674679
-8.540000000000031,-0.7737743529399932
-8.530000000000031,-0.7800701722220342
-8.520000000000032,-0.7862879851369095
-8.510000000000032,-0.7924271699085088
-8.500000000000032,-0.798487112623471
-8.490000000000032,-0.8044672072925746
-8.480000000000032,-0.8103668559113361
-8.470000000000033,-0.8161854685198099
-8.460000000000033,-0.821922463261584
-8.450000000000033,-0.827577266441965
-8.440000000000033,-0.8331493125853473
-8.430000000000033,-0.8386380444917598
-8.420000000000034,-0.844042913292586
-8.410000000000034,-0.8493633785054495
-8.400000000000034,-0.854598908088263
-8.390000000000034,-0.859748978492431
-8.380000000000035,-0.8648130747152049
-8.370000000000035,-0.8697906903511824
-8.360000000000035,-0.874681327642948
-8.350000000000035,-0.8794844975308479
-8.340000000000035,-0.8841997197018961
-8.330000000000036,-0.8888265226378048
-8.320000000000036,-0.893364443662136
-8.310000000000036,-0.8978130289865688
-8.300000000000036,-0.902171833756278
-8.290000000000036,-0.906440422094419
-8.280000000000037,-0.910618367145715
-8.270000000000037,-0.9147052511191426
-8.260000000000037,-0.9187006653297101
-8.250000000000037,-0.9226042102393258
-8.240000000000038,-0.9264154954967521
-8.230000000000038,-0.930134139976639
-8.220000000000038,-0.9337597718176374
-8.210000000000038,-0.9372920284595846
-8.200000000000038,-0.9407305566797599
-8.190000000000039,-0.9440750126282068
-8.180000000000039,-0.9473250618621174
-8.170000000000039,-0.9504803793792768
-8.16000000000004,-0.9535406496505625
-8.15000000000004,-0.9565055666514977
-8.14000000000004,-0.9593748338928532
-8.13000000000004,-0.9621481644502956
-8.12000000000004,-0.9648252809930806
-8.11000000000004,-0.9674059158117846
-8.10000000000004,-0.9698898108450764
-8.09000000000004,-0.9722767177055225
-8.080000000000041,-0.9745663977044259
-8.070000000000041,-0.9767586218756948
-8.060000000000041,-0.978853170998739
-8.050000000000042,-0.9808498356203915
-8.040000000000042,-0.9827484160758543
-8.030000000000042,-0.9845487225086637
-8.020000000000042,-0.9862505748896767
-8.010000000000042,-0.9878538030350735
-8.000000000000043,-0.9893582466233756
-7.990000000000043,-0.9907637552114777
-7.980000000000043,-0.9920701882496925
-7.970000000000043,-0.9932774150958048
-7.9600000000000435,-0.9943853150281358
-7.950000000000044,-0.9953937772576157
-7.940000000000044,-0.9963027009388619
-7.930000000000044,-0.9971119951802637
-7.920000000000044,-0.9978215790530713
-7.9100000000000446,-0.998431381599489
-7.900000000000045,-0.99894134183977
-7.890000000000045,-0.9993514087783154
-7.880000000000045,-0.999661541408773
-7.870000000000045,-0.9998717087181382
-7.860000000000046,-0.9999818896898554
-7.850000000000046,-0.9999920733059189
-7.840000000000046,-0.9999022585479759
-7.830000000000046,-0.9997124543974271
-7.8200000000000465,-0.9994226798345295
-7.810000000000047,-0.999032963836498
-7.800000000000047,-0.9985433453746075
-7.790000000000047,-0.9979538734102962
-7.780000000000047,-0.9972646068902694
-7.7700000000000475,-0.9964756147406045
-7.760000000000048,-0.9955869758598593
-7.750000000000048,-0.9945987791111811
-7.740000000000048,-0.9935111233134213
-7.730000000000048,-0.9923241172312534
-7.720000000000049,-0.9910378795642963
-7.710000000000049,-0.9896525389352451
-7.700000000000049,-0.9881682338770079
-7.690000000000049,-0.9865851128188539
-7.6800000000000495,-0.9849033340715694
-7.67000000000005,-0.9831230658116279
-7.66000000000005,-0.9812444860643716
-7.65000000000005,-0.9792677826862101
-7.64000000000005,-0.9771931533458336
-7.6300000000000505,-0.9750208055044475
-7.620000000000051,-0.9727509563950255
-7.610000000000051,-0.9703838330005872
-7.600000000000051,-0.9679196720314993
-7.590000000000051,-0.9653587199018052
-7.580000000000052,-0.962701232704584
-7.570000000000052,-0.9599474761863406
-7.560000000000052,-0.9570977257204322
-7.550000000000052,-0.9541522662795305
-7.540000000000052,-0.9511113924071251
-7.530000000000053,-0.9479754081880691
-7.520000000000053,-0.9447446272181713
-7.510000000000053,-0.9414193725728361
-7.500000000000053,-0.9379999767747573
-7.4900000000000535,-0.934486781760665
-7.480000000000054,-0.930880138847133
-7.470000000000054,-0.9271804086954473
-7.460000000000054,-0.9233879612755397
-7.450000000000054,-0.919503175828992
-7.440000000000055,-0.9155264408311115
-7.430000000000055,-0.911458153952084
-7.420000000000055,-0.9072987220172072
-7.410000000000055,-0.9030485609662084
-7.400000000000055,-0.8987080958116511
-7.390000000000056,-0.8942777605964334
-7.380000000000056,-0.8897579983503852
-7.370000000000056,-0.8851492610459644
-7.360000000000056,-0.8804520095530609
-7.3500000000000565,-0.8756667135929097
-7.340000000000057,-0.870793851691119
-7.330000000000057,-0.8658339111298183
-7.320000000000057,-0.8607873878989306
-7.310000000000057,-0.8556547866465734
-7.3000000000000576,-0.8504366206285948
-7.290000000000058,-0.8451334116572482
-7.280000000000058,-0.8397456900490113
-7.270000000000058,-0.8342739945715553
-7.260000000000058,-0.8287188723898681
-7.250000000000059,-0.8230808790115387
-7.240000000000059,-0.8173605782312067
-7.230000000000059,-0.811558542074183
-7.220000000000059,-0.8056753507392485
-7.2100000000000595,-0.799711592540634
-7.20000000000006,-0.7936678638491894
-7.19000000000006,-0.7875447690327476
-7.18000000000006,-0.7813429203956876
-7.17000000000006,-0.7750629381177051
-7.1600000000000605,-0.7687054501917945
-7.150000000000061,-0.7622710923614503
-7.140000000000061,-0.7557605080570938
-7.130000000000061,-0.74917434833173
-7.120000000000061,-0.7425132717958429
-7.110000000000062,-0.7357779445515351
-7.100000000000062,-0.7289690401259185
-7.090000000000062,-0.7220872394037614
-7.080000000000062,-0.7151332305594014
-7.0700000000000625,-0.7081077089879277
-7.060000000000063,-0.7010113772356431
-7.050000000000063,-0.6938449449298091
-7.040000000000063,-0.6866091287076843
-7.030000000000063,-0.6793046521448611
-7.0200000000000635,-0.6719322456829088
-7.010000000000064,-0.6644926465563299
-7.000000000000064,-0.6569865987188372
-6.990000000000064,-0.6494148527689598
-6.980000000000064,-0.6417781658749828
-6.970000000000065,-0.6340773016992316
-6.960000000000065,-0.6263130303217064
-6.950000000000065,-0.6184861281630749
-6.940000000000065,-0.6105973779070304
-6.930000000000065,-0.6026475684220247
-6.920000000000066,-0.5946374946823815
-6.910000000000066,-0.5865679576887995
-6.900000000000066,-0.5784397643882537
-6.890000000000066,-0.5702537275933007
-6.8800000000000665,-0.5620106659007982
-6.870000000000067,-0.5537114036100462
-6.860000000000067,-0.5453567706403578
-6.850000000000067,-0.5369476024480679
-6.840000000000067,-0.5284847399429881
-6.830000000000068,-0.5199690294043163
-6.820000000000068,-0.5114013223960103
-6.810000000000068,-0.502782475681631
-6.800000000000068,-0.4941133511386676
-6.790000000000068,-0.48539481567235004
-6.780000000000069,-0.4766277411289596
-6.770000000000069,-0.4678130042086447
-6.760000000000069,-0.45895148637775185
-6.750000000000069,-0.45004407378067945
-6.7400000000000695,-0.4410916571512645
-6.73000000000007,-0.4320951317237096
-6.72000000000007,-0.4230553971430604
-6.71000000000007,-0.4139733573752419
-6.70000000000007,-0.4048499206166625
-6.690000000000071,-0.39568599920339526
-6.680000000000071,-0.3864825095199449
-6.670000000000071,-0.37724037190761023
-6.660000000000071,-0.3679605105724507
-6.650000000000071,-0.3586438534928667
-6.640000000000072,-0.3492913323268023
-6.630000000000072,-0.3399038823185804
-6.620000000000072,-0.3304824422053788
-6.610000000000072,-0.3210279541233579
-6.6000000000000725,-0.311541363513447
-6.590000000000073,-0.30202361902680175
-6.580000000000073,-0.2924756724299393
-6.570000000000073,-0.28289847850956285
-6.560000000000073,-0.2732929949770833
-6.5500000000000735,-0.2636601823728495
-6.540000000000074,-0.25400100397009445
-6.530000000000074,-0.2443164256786092
-6.520000000000074,-0.23460741594815246
-6.510000000000074,-0.22487494567160643
-6.500000000000075,-0.21511998808788838
-6.490000000000075,-0.2053435186846276
-6.480000000000075,-0.19554651510061744
-6.470000000000075,-0.18572995702805206
-6.4600000000000755,-0.1758948261145583
-6.450000000000076,-0.16604210586503168
-6.440000000000076,-0.15617278154328648
-6.430000000000076,-0.14628784007353052
-6.420000000000076,-0.13638826994167333
-6.4100000000000765,-0.12647506109647846
-6.400000000000077,-0.11654920485056951
-6.390000000000077,-0.1066116937812995
-6.380000000000077,-0.09666352163149415
-6.370000000000077,-0.08670568321007831
-6.360000000000078,-0.07673917429259595
-6.350000000000078,-0.06676499152163345
-6.340000000000078,-0.056784132307156086
-6.330000000000078,-0.046797594726767956
-6.320000000000078,-0.03680637742590502
-6.310000000000079,-0.02681147951797137
-6.300000000000079,-0.01681390048442875
-6.290000000000079,-0.006814640074849222
-6.280000000000079,0.003185301793058943
-6.2700000000000795,0.01318492513344221
-6.26000000000008,0.023183229992299537
-6.25000000000008,0.03317921654747692
-6.24000000000008,0.04317188520864882
-6.23000000000008,0.05316023671727631
-6.220000000000081,0.06314327224653211
-6.210000000000081,0.07311999350118248
-6.200000000000081,0.08308940281741585
-6.190000000000081,0.09305050326260843
-6.180000000000081,0.10300229873501657
-6.170000000000082,0.11294379406338617
-6.160000000000082,0.12287399510646896
-6.150000000000082,0.13279190885243575
-6.140000000000082,0.14269654351817684
-6.1300000000000825,0.1525869086484795
-6.120000000000083,0.16246201521507267
-6.110000000000083,0.1723208757155289
-6.100000000000083,0.1821625042720138
-6.090000000000083,0.19198591672987309
-6.080000000000084,0.20179013075604713
-6.070000000000084,0.21157416593730344
-6.060000000000084,0.22133704387827724
-6.050000000000084,0.23107778829931014
-6.040000000000084,0.24079542513407728
-6.030000000000085,0.2504889826269932
-6.020000000000085,0.2601574914303866
-6.010000000000085,0.26979998470143407
-6.000000000000085,0.279415498198844
-5.9900000000000855,0.2890030703792795
-5.980000000000086,0.2985617424935122
-5.970000000000086,0.3080905586822962
-5.960000000000086,0.3175885660719532
-5.950000000000086,0.3270548148696592
-5.9400000000000865,0.3364883584584231
-5.930000000000087,0.3458882534917472
-5.920000000000087,0.3552535599879613
-5.910000000000087,0.3645833414242203
-5.900000000000087,0.3738766648301553
-5.890000000000088,0.3831326008811701
-5.880000000000088,0.392350223991373
-5.870000000000088,0.4015286124061341
-5.860000000000088,0.4106668482942607
-5.8500000000000885,0.41976401783977907
-5.840000000000089,0.42881921133331563
-5.830000000000089,0.43783152326306707
-5.820000000000089,0.44680005240535053
-5.810000000000089,0.45572390191472567
-5.8000000000000895,0.46460217941367793
-5.79000000000009,0.473433997081856
-5.78000000000009,0.482218471744853
-5.77000000000009,0.4909547249625228
-5.76000000000009,0.499641883116824
-5.750000000000091,0.5082790774991803
-5.740000000000091,0.5168654443973512
-5.730000000000091,0.5254001251818021
-5.720000000000091,0.5338822663915669
-5.7100000000000914,0.5423110198195928
-5.700000000000092,0.5506855425975612
-5.690000000000092,0.5590049972801729
-5.680000000000092,0.5672685519288926
-5.670000000000092,0.5754753801951416
-5.6600000000000925,0.5836246614029322
-5.650000000000093,0.5917155806309349
-5.640000000000093,0.5997473287939692
-5.630000000000093,0.6077191027239117
-5.620000000000093,0.6156301052500128
-5.610000000000094,0.6234795452786124
-5.600000000000094,0.6312666378722486
-5.590000000000094,0.6389906043281514
-5.580000000000094,0.6466506722561116
-5.570000000000094,0.6542460756557201
-5.560000000000095,0.6617760549929663
-5.550000000000095,0.6692398572761914
-5.540000000000095,0.6766367361313869
-5.530000000000095,0.6839659518768313
-5.5200000000000955,0.6912267715970578
-5.510000000000096,0.6984184692161449
-5.500000000000096,0.7055403255703239
-5.490000000000096,0.7125916284798942
-5.480000000000096,0.7195716728204409
-5.470000000000097,0.7264797605933465
-5.460000000000097,0.7333152009955907
-5.450000000000097,0.7400773104888292
-5.440000000000097,0.7467654128677479
-5.430000000000097,0.7533788393276823
-5.420000000000098,0.7599169285314975
-5.410000000000098,0.7663790266757216
-5.400000000000098,0.7727644875559251
-5.390000000000098,0.7790726726313414
-5.3800000000000985,0.7853029510887195
-5.370000000000099,0.7914546999054057
-5.360000000000099,0.7975273039116448
-5.350000000000099,0.8035201558520966
-5.340000000000099,0.809432656446561
-5.3300000000000995,0.8152642144499058
-5.3200000000001,0.8210142467111903
-5.3100000000001,0.8266821782319798
-5.3000000000001,0.8322674422238456
-5.2900000000001,0.8377694801650429
-5.280000000000101,0.8431877418563628
-5.270000000000101,0.848521685476151
-5.260000000000101,0.8537707776344907
-5.250000000000101,0.8589344934265402
-5.2400000000001015,0.8640123164850234
-5.230000000000102,0.869003739031866
-5.220000000000102,0.8739082619289728
-5.210000000000102,0.878725394728141
-5.200000000000102,0.8834546557201053
-5.1900000000001025,0.8880955719827073
-5.180000000000103,0.8926476794281882
-5.170000000000103,0.8971105228495969
-5.160000000000103,0.9014836559663102
-5.150000000000103,0.9057666414686608
-5.140000000000104,0.9099590510616675
-5.130000000000104,0.9140604655078648
-5.120000000000104,0.9180704746692258
-5.110000000000104,0.921988677548176
-5.1000000000001044,0.9258146823276928
-5.090000000000105,0.9295481064104865
-5.080000000000105,0.9331885764572599
-5.070000000000105,0.9367357284240423
-5.060000000000105,0.9401892075985927
-5.0500000000001055,0.9435486686358716
-5.040000000000106,0.9468137755925748
-5.030000000000106,0.9499842019607277
-5.020000000000106,0.9530596307003355
-5.010000000000106,0.9560397542710868
-5.000000000000107,0.9589242746631083
-4.990000000000107,0.9617129034267642
-4.980000000000107,0.9644053617015023
-4.970000000000107,0.9670013802437387
-4.960000000000107,0.9695006994537825
-4.950000000000108,0.9719030694017955
-4.940000000000108,0.9742082498527849
-4.930000000000108,0.9764160102906264
-4.920000000000108,0.9785261299411162
-4.9100000000001085,0.9805383977940476
-4.900000000000109,0.9824526126243123
-4.890000000000109,0.9842685830120222
-4.880000000000109,0.9859861273616521
-4.870000000000109,0.9876050739201981
-4.86000000000011,0.9891252607943537
-4.85000000000011,0.9905465359666982
-4.84000000000011,0.9918687573108985
-4.83000000000011,0.9930917926059225
-4.82000000000011,0.9942155195492596
-4.810000000000111,0.9952398257691518
-4.800000000000111,0.996164608835831
-4.790000000000111,0.996989776271761
-4.780000000000111,0.9977152455608858
-4.7700000000001115,0.9983409441568811
-4.760000000000112,0.9988668094904088
-4.750000000000112,0.9992927889753738
-4.740000000000112,0.9996188400141823
-4.730000000000112,0.9998449300020024
-4.7200000000001125,0.9999710363300236
-4.710000000000113,0.9999971463877182
-4.700000000000113,0.9999232575641023
-4.690000000000113,0.9997493772479965
-4.680000000000113,0.9994755228272877
-4.670000000000114,0.9991017216871896
-4.660000000000114,0.9986280112075048
-4.650000000000114,0.9980544387588864
-4.640000000000114,0.9973810616981016
-4.6300000000001145,0.996607947362295
-4.620000000000115,0.9957351730622559
-4.610000000000115,0.9947628260746872
-4.600000000000115,0.9936910036334774
-4.590000000000115,0.9925198129199773
-4.5800000000001155,0.9912493710522822
-4.570000000000116,0.9898798050735202
-4.560000000000116,0.9884112519391481
-4.550000000000116,0.9868438585032554
-4.540000000000116,0.9851777815038795
-4.530000000000117,0.9834131875473319
-4.520000000000117,0.9815502530915378
-4.510000000000117,0.9795891644283904
-4.500000000000117,0.9775301176651218
-4.4900000000001175,0.9753733187046923
-4.480000000000118,0.9731189832252009
-4.470000000000118,0.9707673366583166
-4.460000000000118,0.9683186141667366
-4.450000000000118,0.9657730606206695
-4.4400000000001185,0.9631309305733484
-4.430000000000119,0.9603924882355765
-4.420000000000119,0.9575580074493054
-4.410000000000119,0.9546277716602518
-4.400000000000119,0.9516020738895526
-4.39000000000012,0.9484812167044636
-4.38000000000012,0.9452655121881025
-4.37000000000012,0.9419552819082412
-4.36000000000012,0.9385508568851493
-4.35000000000012,0.9350525775584918
-4.340000000000121,0.9314607937532865
-4.330000000000121,0.9277758646449206
-4.320000000000121,0.9239981587232341
-4.310000000000121,0.9201280537556713
-4.3000000000001215,0.9161659367495036
-4.290000000000122,0.9121122039131302
-4.280000000000122,0.9079672606164564
-4.270000000000122,0.9037315213503578
-4.260000000000122,0.8994054096852312
-4.250000000000123,0.8949893582286382
-4.240000000000123,0.8904838085820442
-4.230000000000123,0.8858892112966595
-4.220000000000123,0.8812060258283836
-4.210000000000123,0.8764347204918609
-4.200000000000124,0.8715757724136487
-4.190000000000124,0.8666296674845059
-4.180000000000124,0.8615969003108036
-4.170000000000124,0.8564779741650653
-4.1600000000001245,0.8512734009356397
-4.150000000000125,0.8459837010755128
-4.140000000000125,0.8406094035502624
-4.130000000000125,0.8351510457851624
-4.120000000000125,0.8296091736114408
-4.1100000000001256,0.8239843412116967
-4.100000000000126,0.8182771110644828
-4.090000000000126,0.8124880538880578
-4.080000000000126,0.806617748583315
-4.070000000000126,0.8006667821758933
-4.060000000000127,0.794635749757474
-4.050000000000127,0.7885252544262731
-4.040000000000127,0.7823359072267319
-4.030000000000127,0.7760683270884123
-4.0200000000001275,0.7697231407641055
-4.010000000000128,0.763300982767156
-4.000000000000128,0.7568024953080118
-3.990000000000128,0.7502283282300035
-3.9800000000001283,0.7435791389443605
-3.9700000000001285,0.7368555923644701
-3.9600000000001288,0.7300583608393876
-3.950000000000129,0.723188124086601
-3.940000000000129,0.7162455691240607
-3.9300000000001294,0.7092313902014772
-3.9200000000001296,0.7021462887308978
-3.91000000000013,0.6949909732165652
-3.90000000000013,0.6877661591840682
-3.8900000000001302,0.6804725691087894
-3.8800000000001305,0.6731109323436582
-3.8700000000001307,0.6656819850462166
-3.860000000000131,0.6581864701050035
-3.850000000000131,0.6506251370652668
-3.8400000000001313,0.6429987420540094
-3.8300000000001315,0.6353080477043771
-3.8200000000001317,0.627553823079396
-3.810000000000132,0.6197368435950668
-3.800000000000132,0.6118578909428236
-3.7900000000001324,0.6039177530113661
-3.7800000000001326,0.5959172238078705
-3.770000000000133,0.5878571033785902
-3.760000000000133,0.5797381977288513
-3.7500000000001332,0.5715613187424531
-3.7400000000001334,0.5633272841004802
-3.7300000000001337,0.555036917199535
-3.720000000000134,0.5466910470693991
-3.710000000000134,0.5382905082901307
-3.7000000000001343,0.5298361409086071
-3.6900000000001345,0.5213287903545214
-3.6800000000001347,0.5127693073558394
-3.670000000000135,0.504158547853728
-3.660000000000135,0.4954973729169622
-3.6500000000001354,0.4867866486558177
-3.6400000000001356,0.4780272461354618
-3.630000000000136,0.46922004128884715
-3.620000000000136,0.4603659148291189
-3.610000000000136,0.4514657521615448
-3.6000000000001364,0.44252044329497475
-3.5900000000001366,0.43353088275284096
-3.580000000000137,0.42449796948370644
-3.570000000000137,0.4154226067713707
-3.5600000000001373,0.40630570214454215
-3.5500000000001375,0.39714816728608615
-3.5400000000001377,0.3879509179418572
-3.530000000000138,0.37871487382912544
-3.520000000000138,0.36944095854460546
-3.5100000000001383,0.3601300994720974
-3.5000000000001386,0.3507832276897496
-3.4900000000001388,0.3414012778769512
-3.480000000000139,0.3319851882208652
-3.470000000000139,0.32253590032261054
-3.4600000000001394,0.31305435910310264
-3.4500000000001396,0.3035415127085622
-3.44000000000014,0.2939983124157013
-3.43000000000014,0.28442571253659665
-3.4200000000001403,0.2748246703232589
-3.4100000000001405,0.2651961458719087
-3.4000000000001407,0.25554110202696734
-3.390000000000141,0.2458605042847735
-3.380000000000141,0.2361553206970342
-3.3700000000001413,0.2264265217740207
-3.3600000000001415,0.21667508038751793
-3.3500000000001418,0.20690197167353835
-3.340000000000142,0.19710817293480917
-3.330000000000142,0.18729466354304278
-3.3200000000001424,0.17746242484100044
-3.3100000000001426,0.16761244004435885
-3.300000000000143,0.1577456941433894
-3.290000000000143,0.14786317380445993
-3.2800000000001432,0.13796586727136892
-3.2700000000001435,0.12805476426652193
-3.2600000000001437,0.11813085589196025
-3.250000000000144,0.10819513453025141
-3.240000000000144,0.09824859374525187
-3.2300000000001443,0.08829222818275136
-3.2200000000001445,0.07832703347100918
-3.2100000000001447,0.06835400612119222
-3.200000000000145,0.058374143427724616
-3.190000000000145,0.04838844336855919
-3.1800000000001454,0.03839790450538049
-3.1700000000001456,0.028403525883749392
-3.160000000000146,0.018406306933199446
-3.150000000000146,0.008407247367294719
-3.1400000000001462,-0.001592652916340723
-3.1300000000001464,-0.011592393936011736
-3.1200000000001467,-0.021590975725949445
-3.110000000000147,-0.03158739843630698
-3.100000000000147,-0.04158066243314362
-3.0900000000001473,-0.051569768398387394
-3.0800000000001475,-0.06155371742976599
-3.0700000000001477,-0.0715315111406962
-3.060000000000148,-0.08150215176012174
-3.050000000000148,-0.09146464223228949
-3.0400000000001484,-0.10141798631645431
-3.0300000000001486,-0.11136118868650217
-3.020000000000149,-0.12129325503048208
-3.010000000000149,-0.13121319215003632
-3.000000000000149,-0.1411200080597195
-2.9900000000001494,-0.15101271208619635
-2.9800000000001496,-0.16089031496730805
-2.97000000000015,-0.17075182895099786
-2.96000000000015,-0.18059626789408528
-2.9500000000001503,-0.1904226473608797
-2.9400000000001505,-0.20022998472162304
-2.9300000000001507,-0.21001729925075197
-2.920000000000151,-0.21978361222496964
-2.910000000000151,-0.22952794702111723
-2.9000000000001513,-0.23924932921383538
-2.8900000000001516,-0.2489467866730059
-2.8800000000001518,-0.2586193496609641
-2.870000000000152,-0.2682660509294716
-2.860000000000152,-0.27788592581644045
-2.8500000000001524,-0.2874780123423985
-2.8400000000001526,-0.2970413513066865
-2.830000000000153,-0.3065749863833775
-2.820000000000153,-0.3160779642169085
-2.8100000000001533,-0.32554933451741513
-2.8000000000001535,-0.33498815015576033
-2.7900000000001537,-0.34439346725824577
-2.780000000000154,-0.353764345300999
-2.770000000000154,-0.3630998472040247
-2.7600000000001543,-0.3723990394249123
-2.7500000000001545,-0.38166099205218884
-2.7400000000001548,-0.39088477889830997
-2.730000000000155,-0.4000694775922775
-2.720000000000155,-0.4092141696718759
-2.7100000000001554,-0.4183179406755178
-2.7000000000001556,-0.4273798802336892
-2.690000000000156,-0.4363990821599861
-2.680000000000156,-0.4453746445417316
-2.6700000000001562,-0.4543056698301672
-2.6600000000001565,-0.4631912649302066
-2.6500000000001567,-0.4720305412897444
-2.640000000000157,-0.48082261498851075
-2.630000000000157,-0.4895666068264624
-2.6200000000001573,-0.4982616424117023
-2.6100000000001575,-0.5069068522479175
-2.6000000000001577,-0.515501371821329
-2.590000000000158,-0.5240443416871414
-2.580000000000158,-0.5325349075554873
-2.5700000000001584,-0.5409722203768552
-2.5600000000001586,-0.5493554364269941
-2.550000000000159,-0.5576837173912851
-2.540000000000159,-0.5659562304485717
-2.5300000000001592,-0.5741721483544421
-2.5200000000001594,-0.5823306495239523
-2.5100000000001597,-0.590430918113784
-2.50000000000016,-0.5984721441038284
-2.49000000000016,-0.6064535233781876
-2.4800000000001603,-0.6143742578055852
-2.4700000000001605,-0.6222335553191791
-2.4600000000001607,-0.6300306299957674
-2.450000000000161,-0.6377647021343797
-2.440000000000161,-0.6454349983342476
-2.4300000000001614,-0.6530407515721427
-2.4200000000001616,-0.6605812012790794
-2.410000000000162,-0.6680555934163707
-2.400000000000162,-0.6754631805510315
-2.390000000000162,-0.6828032219305212
-2.3800000000001624,-0.6900749835568187
-2.3700000000001626,-0.6972777382598212
-2.360000000000163,-0.7044107657700606
-2.350000000000163,-0.7114733527907299
-2.3400000000001633,-0.7184647930690126
-2.3300000000001635,-0.7253843874667071
-2.3200000000001637,-0.7322314440301398
-2.310000000000164,-0.7390052780593604
-2.300000000000164,-0.7457052121766108
-2.2900000000001643,-0.7523305763940624
-2.2800000000001646,-0.7588807081808148
-2.2700000000001648,-0.7653549525291474
-2.260000000000165,-0.7717526620200209
-2.250000000000165,-0.7780731968878175
-2.2400000000001654,-0.7843159250843174
-2.2300000000001656,-0.7904802223419033
-2.220000000000166,-0.7965654722359864
-2.210000000000166,-0.8025710662466482
-2.2000000000001663,-0.8084964038194923
-2.1900000000001665,-0.8143408924256993
-2.1800000000001667,-0.8201039476212788
-2.170000000000167,-0.8257849931055139
-2.160000000000167,-0.8313834607785904
-2.1500000000001673,-0.8368987907984061
-2.1400000000001675,-0.8423304316365554
-2.1300000000001678,-0.8476778401334807
-2.120000000000168,-0.8529404815527886
-2.110000000000168,-0.8581178296347225
-2.1000000000001684,-0.8632093666487888
-2.0900000000001686,-0.8682145834455288
-2.080000000000169,-0.8731329795074342
-2.070000000000169,-0.8779640629989972
-2.0600000000001693,-0.8827073508158945
-2.0500000000001695,-0.8873623686332973
-2.0400000000001697,-0.8919286509533029
-2.03000000000017,-0.8964057411514846
-2.02000000000017,-0.9007931915225534
-2.0100000000001703,-0.9050905633251285
-2.0000000000001705,-0.9092974268256108
-1.9900000000001707,-0.9134133613411557
-1.980000000000171,-0.9174379552817418
-1.9700000000001712,-0.9213708061913288
-1.9600000000001714,-0.9252115207881032
-1.9500000000001716,-0.9289597150038058
-1.9400000000001718,-0.9326150140221385
-1.930000000000172,-0.9361770523162456
-1.9200000000001722,-0.939645473685266
-1.9100000000001724,-0.9430199312899532
-1.9000000000001727,-0.9463000876873586
-1.8900000000001729,-0.9494856148645763
-1.880000000000173,-0.9525761942715427
-1.8700000000001733,-0.9555715168528929
-1.8600000000001735,-0.9584712830788646
-1.8500000000001737,-0.961275202975252
-1.840000000000174,-0.9639829961524019
-1.8300000000001742,-0.966594391833253
-1.8200000000001744,-0.9691091288804133
-1.8100000000001746,-0.971526955822274
-1.8000000000001748,-0.9738476308781555
-1.790000000000175,-0.9760709219824861
-1.7800000000001752,-0.9781966068080082
-1.7700000000001754,-0.9802244727880107
-1.7600000000001756,-0.9821543171375854
-1.7500000000001759,-0.9839859468739055
-1.740000000000176,-0.9857191788355238
-1.7300000000001763,-0.9873538397006885
-1.7200000000001765,-0.9888897660046753
-1.7100000000001767,-0.9903268041561335
-1.700000000000177,-0.9916648104524458
-1.6900000000001771,-0.9929036510940975
-1.6800000000001774,-0.9940432021980566
-1.6700000000001776,-0.9950833498101626
-1.6600000000001778,-0.9960239899165209
-1.650000000000178,-0.9968650284539048
-1.6400000000001782,-0.9976063813191614
-1.6300000000001784,-0.9982479743776219
-1.6200000000001786,-0.9987897434705152
-1.6100000000001788,-0.9992316344213835
-1.600000000000179,-0.9995736030414999
-1.5900000000001793,-0.9998156151342874
-1.5800000000001795,-0.9999576464987384
-1.5700000000001797,-0.9999996829318347
-1.56000000000018,-0.9999417202299682
-1.5500000000001801,-0.9997837641893607
-1.5400000000001803,-0.9995258306054846
-1.5300000000001805,-0.9991679452714833
-1.5200000000001808,-0.9987101439755922
-1.510000000000181,-0.9981524724975591
-1.5000000000001812,-0.9974949866040672
-1.4900000000001814,-0.9967377520431581
-1.4800000000001816,-0.9958808445376566
-1.4700000000001818,-0.9949243497775992
-1.460000000000182,-0.993868363411665
-1.4500000000001823,-0.9927129910376105
-1.4400000000001825,-0.9914583481917103
-1.4300000000001827,-0.9901045603372034
-1.420000000000183,-0.9886517628517473
-1.410000000000183,-0.9871001010138797
-1.4000000000001833,-0.9854497299884913
-1.3900000000001835,-0.9837008148113096
-1.3800000000001837,-0.9818535303723945
-1.370000000000184,-0.9799080613986509
-1.3600000000001842,-0.9778646024353547
-1.3500000000001844,-0.9757233578266995
-1.3400000000001846,-0.9734845416953616
-1.3300000000001848,-0.9711483779210887
-1.320000000000185,-0.9687151001183112
-1.3100000000001852,-0.9661849516127818
-1.3000000000001855,-0.9635581854172426
-1.2900000000001857,-0.9608350642061241
-1.2800000000001859,-0.9580158602892782
-1.270000000000186,-0.9551008555847473
-1.2600000000001863,-0.9520903415905727
-1.2500000000001865,-0.948984619355645
-1.2400000000001867,-0.9457839994495997
-1.230000000000187,-0.94248880193176
-1.2200000000001872,-0.9390993563191319
-1.2100000000001874,-0.935616001553452
-1.2000000000001876,-0.9320390859672943
-1.1900000000001878,-0.9283689672492365
-1.180000000000188,-0.9246060124080919
-1.1700000000001882,-0.920750597736209
-1.1600000000001884,-0.9168031087718422
-1.1500000000001886,-0.9127639402605982
-1.1400000000001889,-0.9086334961159621
-1.130000000000189,-0.9044121893789066
-1.1200000000001893,-0.9001004421765875
-1.1100000000001895,-0.8956986856801319
-1.1000000000001897,-0.8912073600615213
-1.09000000000019,-0.8866269144495751
-1.0800000000001901,-0.8819578068850371
-1.0700000000001904,-0.877200504274773
-1.0600000000001906,-0.8723554823450794
-1.0500000000001908,-0.8674232255941118
-1.040000000000191,-0.8624042272434351
-1.0300000000001912,-0.8572989891887018
-1.0200000000001914,-0.8521080219494631
-1.0100000000001916,-0.8468318446181171
-1.0000000000001918,-0.8414709848080002
-0.9900000000001921,-0.8360259786006259
-0.9800000000001923,-0.8304973704920776
-0.9700000000001925,-0.8248857133385589
-0.9600000000001927,-0.8191915683011088
-0.9500000000001929,-0.813415504789486
-0.9400000000001931,-0.8075581004052282
-0.9300000000001933,-0.8016199408838928
-0.9200000000001936,-0.7956016200364833
-0.9100000000001938,-0.7895037396900694
-0.900000000000194,-0.783326909627604
-0.8900000000001942,-0.7770717475269461
-0.8800000000001944,-0.7707388788990932
-0.8700000000001946,-0.7643289370256305
-0.8600000000001948,-0.7578425628954041
-0.850000000000195,-0.7512804051404215
-0.8400000000001953,-0.7446431199709896
-0.8300000000001955,-0.7379313711100947
-0.8200000000001957,-0.7311458297270294
-0.8100000000001959,-0.7242871743702776
-0.8000000000001961,-0.7173560908996593
-0.7900000000001963,-0.7103532724177459
-0.7800000000001965,-0.7032794192005499
-0.7700000000001967,-0.696135238627498
-0.760000000000197,-0.6889214451106941
-0.7500000000001972,-0.6816387600234785
-0.7400000000001974,-0.6742879116282908
-0.7300000000001976,-0.6668696350038451
-0.7200000000001978,-0.6593846719716219
-0.710000000000198,-0.6518337710216868
-0.7000000000001982,-0.6442176872378427
-0.6900000000001985,-0.636537182222121
-0.6800000000001987,-0.628793024018623
-0.6700000000001989,-0.6209859870367156
-0.6600000000001991,-0.6131168519735911
-0.6500000000001993,-0.6051864057361982
-0.6400000000001995,-0.5971954413625521
-0.6300000000001997,-0.5891447579424309
-0.6200000000002,-0.5810351605374678
-0.6100000000002002,-0.5728674601006453
-0.6000000000002004,-0.5646424733952007
-0.5900000000002006,-0.5563610229129504
-0.5800000000002008,-0.5480239367920415
-0.570000000000201,-0.5396320487341385
-0.5600000000002012,-0.5311861979210539
-0.5500000000002014,-0.5226872289308309
-0.5400000000002017,-0.514135991653286
-0.5300000000002019,-0.5055333412050211
-0.5200000000002021,-0.4968801378439121
-0.5100000000002023,-0.48817724688308406
-0.5000000000002025,-0.4794255386043807
-0.4900000000002027,-0.4706258881713369
-0.48000000000020293,-0.46177917554166287
-0.47000000000020314,-0.4528862853792494
-0.46000000000020336,-0.44394810696570197
-0.45000000000020357,-0.43496553411141353
-0.4400000000002038,-0.42593946506618396
-0.430000000000204,-0.41687080242939617
-0.4200000000002042,-0.40776045305975667
-0.4100000000002044,-0.39860932798461035
-0.40000000000020464,-0.389418342308839
-0.39000000000020485,-0.3801884151233509
-0.38000000000020506,-0.3709204694131731
-0.3700000000002053,-0.3616154319651534
-0.3600000000002055,-0.3522742332752823
-0.3500000000002057,-0.3428978074556446
-0.3400000000002059,-0.3334870921410085
-0.33000000000020613,-0.3240430283950633
-0.32000000000020634,-0.3145665606163136
-0.31000000000020655,-0.30505863644364023
-0.30000000000020677,-0.2955202066615371
-0.290000000000207,-0.2859522251050339
-0.2800000000002072,-0.2763556485643129
-0.2700000000002074,-0.26673143668903104
-0.2600000000002076,-0.25708055189235574
-0.25000000000020783,-0.2474039592547243
-0.24000000000020805,-0.23770262642733667
-0.23000000000020826,-0.22797752353539116
-0.22000000000020847,-0.21822962308107277
-0.2100000000002087,-0.20845989984630367
-0.2000000000002089,-0.19866933079526594
-0.1900000000002091,-0.18885889497670594
-0.18000000000020933,-0.17902957342603013
-0.17000000000020954,-0.16918234906720253
-0.16000000000020975,-0.15931820661445303
-0.15000000000020997,-0.14943813247380683
-0.14000000000021018,-0.1395431146444446
-0.1300000000002104,-0.12963414261990347
-0.1200000000002106,-0.11971220728912844
-0.11000000000021082,-0.10977830083738435
-0.10000000000021103,-0.09983341664703813
-0.09000000000021124,-0.08987854919822144
-0.08000000000021146,-0.07991469396938347
-0.07000000000021167,-0.06994284733774392
-0.060000000000211884,-0.0599640064796561
-0.0500000000002121,-0.04997916927089016
-0.04000000000021231,-0.0399893341868463
-0.030000000000212523,-0.029995500202708088
-0.020000000000212736,-0.019998666693545775
-0.01000000000021295,-0.009999833334379604
-2.1316282072803006e-13,-2.1316282072803006e-13
0.009999999999786624,0.009999833333953299
0.01999999999978641,0.019998666693119532
0.029999999999786198,0.029995500202281953
0.039999999999785985,0.03998933418642032
0.04999999999978577,0.04997916927046437
0.05999999999978556,0.059964006479230544
0.06999999999978535,0.06994284733731863
0.07999999999978513,0.0799146939689585
0.08999999999978492,0.08987854919779684
0.0999999999997847,0.09983341664661394
0.10999999999978449,0.10977830083696061
0.11999999999978428,0.11971220728870519
0.12999999999978407,0.12963414261948075
0.13999999999978385,0.13954311464402244
0.14999999999978364,0.1494381324733853
0.15999999999978343,0.15931820661403215
0.1699999999997832,0.16918234906678234
0.179999999999783,0.17902957342561068
0.1899999999997828,0.18885889497628727
0.19999999999978257,0.19866933079484814
0.20999999999978236,0.20845989984588673
0.21999999999978215,0.21822962308065671
0.22999999999978193,0.22797752353497608
0.23999999999978172,0.23770262642692255
0.2499999999997815,0.24740395925431122
0.2599999999997813,0.25708055189194373
0.2699999999997811,0.26673143668862015
0.27999999999978087,0.27635564856390316
0.28999999999978066,0.28595222510462537
0.29999999999978044,0.2955202066611298
0.30999999999978023,0.3050586364432342
0.31999999999978,0.31456656061590893
0.3299999999997798,0.32404302839466004
0.3399999999997796,0.3334870921406066
0.3499999999997794,0.3428978074552441
0.35999999999977916,0.3522742332748833
0.36999999999977895,0.3616154319647559
0.37999999999977874,0.3709204694127772
0.3899999999997785,0.3801884151229566
0.3999999999997783,0.3894183423084463
0.4099999999997781,0.3986093279842194
0.4199999999997779,0.40776045305936737
0.42999999999977767,0.4168708024290087
0.43999999999977746,0.4259394650657983
0.44999999999977724,0.4349655341110296
0.45999999999977703,0.44394810696532
0.4699999999997768,0.4528862853788693
0.4799999999997766,0.4617791755412847
0.4899999999997764,0.47062588817096074
0.4999999999997762,0.47942553860400655
0.509999999999776,0.48817724688271197
0.5199999999997758,0.4968801378435421
0.5299999999997755,0.5055333412046533
0.5399999999997753,0.5141359916529203
0.5499999999997751,0.5226872289304675
0.5599999999997749,0.5311861979206927
0.5699999999997747,0.5396320487337796
0.5799999999997745,0.5480239367916849
0.5899999999997743,0.5563610229125961
0.599999999999774,0.5646424733948489
0.6099999999997738,0.5728674601002959
0.6199999999997736,0.5810351605371208
0.6299999999997734,0.5891447579420864
0.6399999999997732,0.5971954413622101
0.649999999999773,0.6051864057358588
0.6599999999997728,0.6131168519732543
0.6699999999997726,0.6209859870363814
0.6799999999997723,0.6287930240182915
0.6899999999997721,0.6365371822217922
0.6999999999997719,0.6442176872375166
0.7099999999997717,0.6518337710213635
0.7199999999997715,0.6593846719713014
0.7299999999997713,0.6668696350035275
0.7399999999997711,0.674287911627976
0.7499999999997708,0.6816387600231665
0.7599999999997706,0.6889214451103851
0.7699999999997704,0.696135238627192
0.7799999999997702,0.7032794192002468
0.78999999999977,0.710353272417446
0.7999999999997698,0.7173560908993624
0.8099999999997696,0.7242871743699836
0.8199999999997694,0.7311458297267386
0.8299999999997691,0.7379313711098069
0.8399999999997689,0.7446431199707051
0.8499999999997687,0.75128040514014
0.8599999999997685,0.757842562895126
0.8699999999997683,0.7643289370253556
0.8799999999997681,0.7707388788988215
0.8899999999997679,0.7770717475266777
0.8999999999997677,0.783326909627339
0.9099999999997674,0.7895037396898077
0.9199999999997672,0.795601620036225
0.929999999999767,0.8016199408836379
0.9399999999997668,0.8075581004049768
0.9499999999997666,0.813415504789238
0.9599999999997664,0.8191915683008643
0.9699999999997662,0.8248857133383178
0.979999999999766,0.8304973704918401
0.9899999999997657,0.836025978600392
0.9999999999997655,0.8414709848077698
1.0099999999997653,0.8468318446178904
1.019999999999765,0.85210802194924
1.0299999999997649,0.8572989891884824
1.0399999999997647,0.8624042272432193
1.0499999999997645,0.8674232255938997
1.0599999999997642,0.872355482344871
1.069999999999764,0.8772005042745683
1.0799999999997638,0.8819578068848362
1.0899999999997636,0.8866269144493779
1.0999999999997634,0.8912073600613281
1.1099999999997632,0.8956986856799423
1.119999999999763,0.9001004421764017
1.1299999999997627,0.9044121893787247
1.1399999999997625,0.9086334961157841
1.1499999999997623,0.912763940260424
1.159999999999762,0.9168031087716719
1.169999999999762,0.9207505977360427
1.1799999999997617,0.9246060124079296
1.1899999999997615,0.928368967249078
1.1999999999997613,0.9320390859671398
1.209999999999761,0.9356160015533016
1.2199999999997608,0.9390993563189853
1.2299999999997606,0.9424888019316175
1.2399999999997604,0.9457839994494611
1.2499999999997602,0.9489846193555106
1.25999999999976,0.9520903415904424
1.2699999999997598,0.9551008555846211
1.2799999999997596,0.958015860289156
1.2899999999997593,0.960835064206006
1.2999999999997591,0.9635581854171286
1.309999999999759,0.9661849516126718
1.3199999999997587,0.9687151001182054
1.3299999999997585,0.971148377920987
1.3399999999997583,0.9734845416952641
1.349999999999758,0.9757233578266061
1.3599999999997578,0.9778646024352655
1.3699999999997576,0.9799080613985659
1.3799999999997574,0.9818535303723137
1.3899999999997572,0.9837008148112328
1.399999999999757,0.9854497299884188
1.4099999999997568,0.9871001010138114
1.4199999999997566,0.9886517628516832
1.4299999999997564,0.9901045603371436
1.4399999999997561,0.9914583481916547
1.449999999999756,0.9927129910375591
1.4599999999997557,0.9938683634116179
1.4699999999997555,0.9949243497775563
1.4799999999997553,0.9958808445376178
1.489999999999755,0.9967377520431236
1.4999999999997549,0.9974949866040371
1.5099999999997546,0.9981524724975332
1.5199999999997544,0.9987101439755706
1.5299999999997542,0.999167945271466
1.539999999999754,0.9995258306054715
1.5499999999997538,0.9997837641893519
1.5599999999997536,0.9999417202299636
1.5699999999997534,0.9999996829318344
1.5799999999997532,0.9999576464987423
1.589999999999753,0.9998156151342956
1.5999999999997527,0.9995736030415124
1.6099999999997525,0.9992316344214003
1.6199999999997523,0.9987897434705362
1.629999999999752,0.9982479743776471
1.6399999999997519,0.9976063813191909
1.6499999999997517,0.9968650284539385
1.6599999999997515,0.9960239899165588
1.6699999999997512,0.9950833498102049
1.679999999999751,0.994043202198103
1.6899999999997508,0.9929036510941481
1.6999999999997506,0.9916648104525008
1.7099999999997504,0.9903268041561927
1.7199999999997502,0.9888897660047385
1.72999999999975,0.9873538397007561
1.7399999999997497,0.9857191788355957
1.7499999999997495,0.9839859468739816
1.7599999999997493,0.9821543171376657
1.769999999999749,0.9802244727880951
1.779999999999749,0.9781966068080968
1.7899999999997487,0.9760709219825788
1.7999999999997485,0.9738476308782523
1.8099999999997483,0.971526955822375
1.819999999999748,0.9691091288805185
1.8299999999997478,0.9665943918333623
1.8399999999997476,0.9639829961525153
1.8499999999997474,0.9612752029753695
1.8599999999997472,0.9584712830789863
1.869999999999747,0.9555715168530186
1.8799999999997468,0.9525761942716724
1.8899999999997465,0.9494856148647101
1.8999999999997463,0.9463000876874965
1.9099999999997461,0.943019931290095
1.919999999999746,0.9396454736854118
1.9299999999997457,0.9361770523163955
1.9399999999997455,0.9326150140222923
1.9499999999997453,0.9289597150039636
1.959999999999745,0.925211520788265
1.9699999999997448,0.9213708061914946
1.9799999999997446,0.9174379552819114
1.9899999999997444,0.9134133613413292
1.9999999999997442,0.9092974268257882
2.009999999999744,0.9050905633253098
2.019999999999744,0.9007931915227386
2.0299999999997436,0.8964057411516736
2.0399999999997434,0.8919286509534957
2.049999999999743,0.8873623686334938
2.059999999999743,0.8827073508160949
2.0699999999997427,0.8779640629992013
2.0799999999997425,0.873132979507642
2.0899999999997423,0.8682145834457404
2.099999999999742,0.8632093666490039
2.109999999999742,0.8581178296349414
2.1199999999997416,0.8529404815530112
2.1299999999997414,0.847677840133707
2.139999999999741,0.8423304316367852
2.149999999999741,0.8368987907986395
2.159999999999741,0.8313834607788272
2.1699999999997406,0.8257849931057544
2.1799999999997404,0.8201039476215228
2.18999999999974,0.8143408924259468
2.19999999999974,0.8084964038197432
2.2099999999997397,0.8025710662469026
2.2199999999997395,0.7965654722362441
2.2299999999997393,0.7904802223421644
2.239999999999739,0.7843159250845819
2.249999999999739,0.7780731968880853
2.2599999999997387,0.771752662020292
2.2699999999997384,0.7653549525294219
2.2799999999997382,0.7588807081810924
2.289999999999738,0.7523305763943433
2.299999999999738,0.7457052121768949
2.3099999999997376,0.7390052780596477
2.3199999999997374,0.7322314440304302
2.329999999999737,0.7253843874670005
2.339999999999737,0.7184647930693091
2.3499999999997367,0.7114733527910294
2.3599999999997365,0.7044107657703631
2.3699999999997363,0.6972777382601268
2.379999999999736,0.6900749835571274
2.389999999999736,0.6828032219308328
2.3999999999997357,0.6754631805513458
2.4099999999997355,0.6680555934166879
2.4199999999997353,0.6605812012793995
2.429999999999735,0.6530407515724655
2.439999999999735,0.6454349983345732
2.4499999999997346,0.6377647021347082
2.4599999999997344,0.6300306299960985
2.469999999999734,0.6222335553195129
2.479999999999734,0.6143742578059216
2.4899999999997338,0.6064535233785265
2.4999999999997335,0.5984721441041699
2.5099999999997333,0.5904309181141281
2.519999999999733,0.5823306495242988
2.529999999999733,0.5741721483547911
2.5399999999997327,0.5659562304489232
2.5499999999997325,0.5576837173916389
2.5599999999997323,0.5493554364273504
2.569999999999732,0.5409722203772138
2.579999999999732,0.5325349075558482
2.5899999999997316,0.5240443416875046
2.5999999999997314,0.5155013718216944
2.609999999999731,0.506906852248285
2.619999999999731,0.4982616424120719
2.6299999999997308,0.48956660682683417
2.6399999999997306,0.48082261498888457
2.6499999999997303,0.4720305412901203
2.65999999999973,0.46319126493058443
2.66999999999973,0.454305669830547
2.6799999999997297,0.4453746445421133
2.6899999999997295,0.43639908216036966
2.6999999999997293,0.4273798802340747
2.709999999999729,0.418317940675905
2.719999999999729,0.40921416967226487
2.7299999999997286,0.4000694775926682
2.7399999999997284,0.3908847788987024
2.749999999999728,0.3816609920525829
2.759999999999728,0.37239903942530794
2.769999999999728,0.36309984720442195
2.7799999999997276,0.3537643453013977
2.7899999999997274,0.344393467258646
2.799999999999727,0.334988150156162
2.809999999999727,0.32554933451781826
2.8199999999997267,0.31607796421731293
2.8299999999997265,0.30657498638378333
2.8399999999997263,0.2970413513070936
2.849999999999726,0.28747801234280684
2.859999999999726,0.27788592581685
2.8699999999997257,0.2682660509298823
2.8799999999997254,0.2586193496613759
2.8899999999997252,0.2489467866734188
2.899999999999725,0.23924932921424932
2.909999999999725,0.22952794702153217
2.9199999999997246,0.21978361222538556
2.9299999999997244,0.21001729925116877
2.939999999999724,0.2002299847220407
2.949999999999724,0.19042264736129821
2.9599999999997237,0.18059626789450461
2.9699999999997235,0.17075182895141794
2.9799999999997233,0.16089031496772882
2.989999999999723,0.15101271208661776
2.999999999999723,0.14112000806014155
3.0099999999997227,0.13121319215045896
3.0199999999997225,0.12129325503090525
3.0299999999997222,0.11136118868692585
3.039999999999722,0.10141798631687843
3.049999999999722,0.09146464223271403
3.0599999999997216,0.08150215176054665
3.0699999999997214,0.07153151114112143
3.079999999999721,0.0615537174301915
3.089999999999721,0.05156976839881315
3.0999999999997208,0.04158066243356958
3.1099999999997205,0.03158739843673309
3.1199999999997203,0.02159097572637567
3.12999999999972,0.011592393936438032
3.13999999999972,0.001592652916767048
3.1499999999997197,-0.008407247366868407
3.1599999999997195,-0.018406306932773193
3.1699999999997193,-0.028403525883323236
3.179999999999719,-0.03839790450495448
3.189999999999719,-0.04838844336813337
3.1999999999997186,-0.05837414342729901
3.2099999999997184,-0.06835400612076689
3.219999999999718,-0.07832703347058417
3.229999999999718,-0.0882922281823267
3.2399999999997178,-0.09824859374482761
3.2499999999997176,-0.1081951345298276
3.2599999999997173,-0.1181308558915369
3.269999999999717,-0.12805476426609913
3.279999999999717,-0.13796586727094667
3.2899999999997167,-0.1478631738040383
3.2999999999997165,-0.15774569414296843
3.3099999999997163,-0.16761244004393855
3.319999999999716,-0.17746242484058086
3.329999999999716,-0.187294663542624
3.3399999999997156,-0.1971081729343912
3.3499999999997154,-0.20690197167312124
3.359999999999715,-0.21667508038710173
3.369999999999715,-0.22642652177360545
3.379999999999715,-0.23615532069661996
3.3899999999997146,-0.24586050428436024
3.3999999999997144,-0.25554110202655517
3.409999999999714,-0.26519614587149765
3.419999999999714,-0.274824670322849
3.4299999999997137,-0.2844257125361879
3.4399999999997135,-0.29399831241529384
3.4499999999997133,-0.303541512708156
3.459999999999713,-0.31305435910269774
3.469999999999713,-0.322535900322207
3.4799999999997127,-0.3319851882204631
3.4899999999997124,-0.3414012778765505
3.4999999999997122,-0.3507832276893504
3.509999999999712,-0.3601300994716997
3.519999999999712,-0.3694409585442093
3.5299999999997116,-0.37871487382873087
3.5399999999997114,-0.38795091794146425
3.549999999999711,-0.39714816728569485
3.559999999999711,-0.4063057021441526
3.5699999999997107,-0.4154226067709829
3.5799999999997105,-0.42449796948332047
3.5899999999997103,-0.43353088275245677
3.59999999999971,-0.4425204432945924
3.60999999999971,-0.4514657521611644
3.6199999999997097,-0.46036591482874045
3.6299999999997095,-0.4692200412884706
3.6399999999997092,-0.47802724613508735
3.649999999999709,-0.4867866486554453
3.659999999999709,-0.4954973729165919
3.6699999999997086,-0.5041585478533599
3.6799999999997084,-0.5127693073554733
3.689999999999708,-0.5213287903541576
3.699999999999708,-0.5298361409082455
3.7099999999997078,-0.5382905082897713
3.7199999999997075,-0.5466910470690421
3.7299999999997073,-0.5550369171991804
3.739999999999707,-0.5633272841001279
3.749999999999707,-0.5715613187421033
3.7599999999997067,-0.5797381977285039
3.7699999999997065,-0.5878571033782453
3.7799999999997063,-0.5959172238075281
3.789999999999706,-0.6039177530110262
3.799999999999706,-0.6118578909424864
3.8099999999997056,-0.6197368435947321
3.8199999999997054,-0.6275538230790642
3.829999999999705,-0.6353080477040479
3.839999999999705,-0.6429987420536829
3.8499999999997048,-0.6506251370649431
3.8599999999997046,-0.6581864701046826
3.8699999999997043,-0.6656819850458985
3.879999999999704,-0.673110932343343
3.889999999999704,-0.680472569108477
3.8999999999997037,-0.6877661591837587
3.9099999999997035,-0.6949909732162587
3.9199999999997033,-0.7021462887305943
3.929999999999703,-0.7092313902011766
3.939999999999703,-0.7162455691237631
3.9499999999997026,-0.7231881240863066
3.9599999999997024,-0.7300583608390963
3.969999999999702,-0.7368555923641819
3.979999999999702,-0.7435791389440753
3.989999999999702,-0.7502283282297216
3.9999999999997016,-0.7568024953077331
4.009999999999701,-0.7633009827668806
4.019999999999701,-0.7697231407638333
4.029999999999701,-0.7760683270881436
4.039999999999701,-0.7823359072264664
4.0499999999997005,-0.788525254426011
4.0599999999997,-0.7946357497572151
4.0699999999997,-0.8006667821756378
4.0799999999997,-0.8066177485830631
4.0899999999997,-0.8124880538878092
4.099999999999699,-0.8182771110642377
4.109999999999699,-0.8239843412114551
4.119999999999699,-0.8296091736112028
4.129999999999699,-0.8351510457849279
4.139999999999699,-0.8406094035500314
4.149999999999698,-0.8459837010752854
4.159999999999698,-0.851273400935416
4.169999999999698,-0.8564779741648453
4.179999999999698,-0.8615969003105872
4.1899999999996975,-0.8666296674842932
4.199999999999697,-0.8715757724134396
4.209999999999697,-0.8764347204916555
4.219999999999697,-0.8812060258281821
4.229999999999697,-0.8858892112964617
4.2399999999996965,-0.8904838085818503
4.249999999999696,-0.894989358228448
4.259999999999696,-0.8994054096850449
4.269999999999696,-0.9037315213501753
4.279999999999696,-0.9079672606162777
4.289999999999695,-0.9121122039129554
4.299999999999695,-0.9161659367493328
4.309999999999695,-0.9201280537555043
4.319999999999695,-0.9239981587230711
4.3299999999996945,-0.9277758646447615
4.339999999999694,-0.9314607937531314
4.349999999999694,-0.9350525775583407
4.359999999999694,-0.9385508568850021
4.369999999999694,-0.9419552819080981
4.3799999999996935,-0.9452655121879634
4.389999999999693,-0.9484812167043285
4.399999999999693,-0.9516020738894216
4.409999999999693,-0.9546277716601248
4.419999999999693,-0.9575580074491826
4.429999999999692,-0.9603924882354578
4.439999999999692,-0.9631309305732337
4.449999999999692,-0.9657730606205589
4.459999999999692,-0.9683186141666301
4.4699999999996916,-0.9707673366582142
4.479999999999691,-0.9731189832251027
4.489999999999691,-0.9753733187045983
4.499999999999691,-0.977530117665032
4.509999999999691,-0.9795891644283047
4.5199999999996905,-0.9815502530914563
4.52999999999969,-0.9834131875472545
4.53999999999969,-0.9851777815038063
4.54999999999969,-0.9868438585031865
4.55999999999969,-0.9884112519390834
4.569999999999689,-0.9898798050734597
4.579999999999689,-0.9912493710522259
4.589999999999689,-0.9925198129199252
4.599999999999689,-0.9936910036334295
4.609999999999689,-0.9947628260746437
4.619999999999688,-0.9957351730622166
4.629999999999688,-0.9966079473622599
4.639999999999688,-0.9973810616980707
4.649999999999688,-0.9980544387588599
4.6599999999996875,-0.9986280112074825
4.669999999999687,-0.9991017216871715
4.679999999999687,-0.9994755228272739
4.689999999999687,-0.999749377247987
4.699999999999687,-0.9999232575640971
4.709999999999686,-0.9999971463877172
4.719999999999686,-0.9999710363300268
4.729999999999686,-0.9998449300020099
4.739999999999686,-0.9996188400141941
4.749999999999686,-0.9992927889753898
4.759999999999685,-0.9988668094904292
4.769999999999685,-0.9983409441569057
4.779999999999685,-0.9977152455609146
4.789999999999685,-0.996989776271794
4.7999999999996845,-0.9961646088358683
4.809999999999684,-0.9952398257691933
4.819999999999684,-0.9942155195493053
4.829999999999684,-0.9930917926059725
4.839999999999684,-0.9918687573109528
4.8499999999996835,-0.9905465359667566
4.859999999999683,-0.9891252607944164
4.869999999999683,-0.9876050739202651
4.879999999999683,-0.9859861273617232
4.889999999999683,-0.9842685830120975
4.899999999999682,-0.9824526126243918
4.909999999999682,-0.9805383977941313
4.919999999999682,-0.978526129941204
4.929999999999682,-0.9764160102907185
4.9399999999996815,-0.974208249852881
4.949999999999681,-0.9719030694018959
4.959999999999681,-0.969500699453887
4.969999999999681,-0.9670013802438473
4.979999999999681,-0.9644053617016151
4.9899999999996805,-0.9617129034268811
4.99999999999968,-0.9589242746632292
5.00999999999968,-0.9560397542712118
5.01999999999968,-0.9530596307004645
5.02999999999968,-0.949984201960861
5.039999999999679,-0.9468137755927121
5.049999999999679,-0.9435486686360128
5.059999999999679,-0.9401892075987379
5.069999999999679,-0.9367357284241915
5.0799999999996786,-0.9331885764574132
5.089999999999678,-0.9295481064106437
5.099999999999678,-0.9258146823278539
5.109999999999678,-0.9219886775483411
5.119999999999678,-0.9180704746693948
5.1299999999996775,-0.9140604655080378
5.139999999999677,-0.9099590510618444
5.149999999999677,-0.9057666414688414
5.159999999999677,-0.9014836559664947
5.169999999999677,-0.8971105228497852
5.179999999999676,-0.8926476794283804
5.189999999999676,-0.8880955719829032
5.199999999999676,-0.883454655720305
5.209999999999676,-0.8787253947283445
5.219999999999676,-0.87390826192918
5.229999999999675,-0.869003739032077
5.239999999999675,-0.864012316485238
5.249999999999675,-0.8589344934267585
5.259999999999675,-0.8537707776347127
5.2699999999996745,-0.8485216854763766
5.279999999999674,-0.843187741856592
5.289999999999674,-0.8377694801652757
5.299999999999674,-0.832267442224082
5.309999999999674,-0.8266821782322197
5.319999999999673,-0.8210142467114336
5.329999999999673,-0.8152642144501527
5.339999999999673,-0.8094326564468114
5.349999999999673,-0.8035201558523504
5.359999999999673,-0.797527303911902
5.369999999999672,-0.7914546999056663
5.379999999999672,-0.7853029510889834
5.389999999999672,-0.7790726726316086
5.399999999999672,-0.7727644875561958
5.4099999999996715,-0.7663790266759954
5.419999999999671,-0.7599169285317746
5.429999999999671,-0.7533788393279627
5.439999999999671,-0.7467654128680314
5.449999999999671,-0.740077310489116
5.4599999999996705,-0.7333152009958805
5.46999999999967,-0.7264797605936395
5.47999999999967,-0.7195716728207369
5.48999999999967,-0.7125916284801933
5.49999999999967,-0.7055403255706261
5.509999999999669,-0.69841846921645
5.519999999999669,-0.6912267715973659
5.529999999999669,-0.6839659518771423
5.539999999999669,-0.6766367361317008
5.5499999999996685,-0.6692398572765081
5.559999999999668,-0.661776054993286
5.569999999999668,-0.6542460756560425
5.579999999999668,-0.6466506722564369
5.589999999999668,-0.6389906043284793
5.5999999999996675,-0.6312666378725792
5.609999999999667,-0.6234795452789457
5.619999999999667,-0.6156301052503488
5.629999999999667,-0.6077191027242503
5.639999999999667,-0.5997473287943103
5.649999999999666,-0.5917155806312786
5.659999999999666,-0.5836246614032784
5.669999999999666,-0.5754753801954903
5.679999999999666,-0.5672685519292437
5.6899999999996655,-0.5590049972805264
5.699999999999665,-0.5506855425979171
5.709999999999665,-0.542311019819951
5.719999999999665,-0.5338822663919274
5.729999999999665,-0.5254001251821648
5.7399999999996645,-0.5168654443977162
5.749999999999664,-0.5082790774995475
5.759999999999664,-0.49964188311719326
5.769999999999664,-0.4909547249628942
5.779999999999664,-0.4822184717452265
5.789999999999663,-0.47343399708223155
5.799999999999663,-0.46460217941405546
5.809999999999663,-0.45572390191510515
5.819999999999663,-0.44680005240573195
5.829999999999663,-0.4378315232634504
5.839999999999662,-0.42881921133370077
5.849999999999662,-0.41976401784016604
5.859999999999662,-0.4106668482946494
5.869999999999662,-0.40152861240652454
5.8799999999996615,-0.3923502239917651
5.889999999999661,-0.3831326008815639
5.899999999999661,-0.3738766648305507
5.909999999999661,-0.3645833414246173
5.919999999999661,-0.35525355998835983
5.92999999999966,-0.3458882534921472
5.93999999999966,-0.3364883584588246
5.94999999999966,-0.3270548148700621
5.95999999999966,-0.3175885660723574
5.96999999999966,-0.30809055868270174
5.979999999999659,-0.2985617424939191
5.989999999999659,-0.28900307037968764
5.999999999999659,-0.2794154981992534
6.009999999999657,-0.2697999847018463
6.0199999999996585,-0.2601574914307982
6.02999999999966,-0.2504889826274042
6.039999999999658,-0.24079542513449106
6.049999999999656,-0.23107778829972667
6.059999999999658,-0.221337043878693
6.069999999999659,-0.21157416593771838
6.079999999999657,-0.20179013075646468
6.089999999999655,-0.19198591673029322
6.099999999999657,-0.182162504272433
6.109999999999658,-0.1723208757159471
6.119999999999656,-0.16246201521549333
6.129999999999654,-0.1525869086489026
6.139999999999656,-0.1426965435185988
6.1499999999996575,-0.13279190885285652
6.1599999999996555,-0.12287399510689205
6.1699999999996535,-0.11294379406381154
6.179999999999655,-0.10300229873544063
6.189999999999657,-0.09305050326303113
6.199999999999655,-0.0830894028178407
6.209999999999653,-0.07311999350160943
6.219999999999654,-0.06314327224695758
6.229999999999656,-0.05316023671770025
6.239999999999654,-0.04317188520907475
6.249999999999652,-0.03317921654790479
6.259999999999653,-0.02318322999272575
6.269999999999655,-0.013184925133866723
6.279999999999653,-0.0031853017934852664
6.289999999999651,0.00681464007442113
6.2999999999996525,0.016813900484002484
6.309999999999654,0.026811479517546973
6.319999999999652,0.03680637742547899
6.32999999999965,0.046797594726340326
6.339999999999652,0.05678413230673045
6.349999999999653,0.06676499152120985
6.359999999999651,0.07673917429217089
6.369999999999649,0.08670568320965182
6.379999999999651,0.09666352163106981
6.389999999999652,0.10661169378087737
6.39999999999965,0.11654920485014608
6.409999999999648,0.1264750610960538
6.41999999999965,0.13638826994125097
6.4299999999996515,0.14628784007311052
6.43999999999965,0.15617278154286537
6.449999999999648,0.16604210586460952
6.459999999999649,0.17589482611413865
6.469999999999651,0.1857299570276349
6.479999999999649,0.19554651510019933
6.489999999999647,0.20534351868420864
6.499999999999648,0.21511998808747204
6.50999999999965,0.22487494567119273
6.519999999999648,0.23460741594773804
6.529999999999646,0.2443164256781941
6.539999999999647,0.2540010039696821
6.549999999999649,0.26366018237243993
6.559999999999647,0.2732929949766732
6.569999999999645,0.28289847850915223
6.579999999999647,0.29247567242953165
6.589999999999648,0.30202361902639707
6.599999999999646,0.31154136351304196
6.609999999999644,0.3210279541229525
6.619999999999646,0.33048244220497647
6.629999999999647,0.3399038823181811
6.639999999999645,0.3492913323264028
6.649999999999643,0.3586438534924671
6.659999999999645,0.3679605105720543
6.669999999999646,0.37724037190721704
6.6799999999996444,0.38648250951955165
6.6899999999996425,0.39568599920300207
6.699999999999644,0.4048499206162727
6.709999999999646,0.4139733573748554
6.719999999999644,0.4230553971426741
6.729999999999642,0.43209513172332353
6.739999999999643,0.44109165715088194
6.749999999999645,0.45004407378030037
6.759999999999643,0.45895148637737304
6.769999999999641,0.4678130042082663
6.779999999999642,0.4766277411285848
6.789999999999644,0.4853948156719789
6.799999999999642,0.49411335113829696
6.80999999999964,0.502782475681261
6.8199999999996415,0.511401322395644
6.829999999999643,0.5199690294039537
6.839999999999641,0.5284847399426261
6.849999999999639,0.5369476024477068
6.859999999999641,0.5453567706400005
6.869999999999642,0.5537114036096926
6.87999999999964,0.5620106659004456
6.889999999999638,0.570253727592949
6.89999999999964,0.578439764387906
6.909999999999641,0.5865679576884557
6.919999999999639,0.5946374946820387
6.929999999999637,0.6026475684216831
6.939999999999639,0.6105973779066928
6.9499999999996405,0.6184861281627413
6.9599999999996385,0.6263130303213741
6.9699999999996365,0.6340773016989005
6.979999999999638,0.6417781658746559
6.98999999999964,0.649414852768637
6.999999999999638,0.6569865987185158
7.009999999999636,0.6644926465560099
7.019999999999637,0.671932245682593
7.029999999999639,0.6793046521445496
7.039999999999637,0.6866091287073743
7.049999999999635,0.6938449449295008
7.059999999999636,0.701011377235339
7.069999999999638,0.708107708987628
7.079999999999636,0.7151332305591034
7.089999999999634,0.7220872394034652
7.0999999999996355,0.7289690401256267
7.109999999999637,0.7357779445512476
7.119999999999635,0.7425132717955573
7.129999999999633,0.7491743483314465
7.139999999999635,0.7557605080568147
7.149999999999636,0.7622710923611755
7.159999999999634,0.7687054501915218
7.169999999999632,0.7750629381174347
7.179999999999634,0.7813429203954216
7.189999999999635,0.7875447690324859
7.199999999999633,0.79366786384893
7.209999999999631,0.7997115925403768
7.219999999999633,0.8056753507389959
7.2299999999996345,0.811558542073935
7.2399999999996325,0.8173605782309611
7.2499999999996305,0.8230808790112957
7.259999999999632,0.8287188723896295
7.269999999999634,0.8342739945713212
7.279999999999632,0.8397456900487799
7.28999999999963,0.8451334116570193
7.299999999999631,0.8504366206283706
7.309999999999633,0.8556547866463536
7.319999999999631,0.8607873878987137
7.329999999999629,0.8658339111296042
7.33999999999963,0.8707938516909094
7.349999999999632,0.8756667135927046
7.35999999999963,0.8804520095528587
7.369999999999628,0.8851492610457652
7.3799999999996295,0.8897579983501905
7.389999999999631,0.8942777605962434
7.399999999999629,0.898708095811464
7.409999999999627,0.9030485609660246
7.419999999999629,0.9072987220170279
7.42999999999963,0.9114581539519093
7.439999999999628,0.9155264408309399
7.449999999999626,0.9195031758288237
7.459999999999628,0.923387961275376
7.469999999999629,0.9271804086952882
7.479999999999627,0.9308801388469773
7.489999999999625,0.9344867817605126
7.499999999999627,0.9379999767746096
7.5099999999996285,0.941419372572693
7.5199999999996265,0.9447446272180315
7.5299999999996245,0.9479754081879329
7.539999999999626,0.9511113924069934
7.549999999999628,0.9541522662794034
7.559999999999626,0.9570977257203087
7.569999999999624,0.9599474761862207
7.579999999999625,0.9627012327044686
7.589999999999627,0.9653587199016945
7.599999999999625,0.9679196720313922
7.609999999999623,0.9703838330004838
7.619999999999624,0.9727509563949267
7.629999999999626,0.9750208055043532
7.639999999999624,0.9771931533457431
7.649999999999622,0.9792677826861234
7.6599999999996236,0.9812444860642895
7.669999999999625,0.9831230658115502
7.679999999999623,0.9849033340714957
7.689999999999621,0.9865851128187839
7.699999999999623,0.9881682338769425
7.709999999999624,0.9896525389351841
7.719999999999622,0.9910378795642394
7.72999999999962,0.9923241172312005
7.739999999999622,0.9935111233133729
7.749999999999623,0.994598779111137
7.759999999999621,0.9955869758598193
7.769999999999619,0.9964756147405687
7.779999999999621,0.9972646068902379
7.789999999999623,0.9979538734102691
7.799999999999621,0.9985433453745844
7.809999999999619,0.9990329638364792
7.81999999999962,0.999422679834515
7.829999999999622,0.999712454397417
7.83999999999962,0.9999022585479699
7.849999999999618,0.9999920733059172
7.859999999999619,0.9999818896898579
7.869999999999621,0.999871708718145
7.879999999999619,0.999661541408784
7.889999999999617,0.9993514087783307
7.899999999999618,0.9989413418397896
7.90999999999962,0.9984313815995127
7.919999999999618,0.9978215790530995
7.929999999999616,0.9971119951802963
7.939999999999618,0.9963027009388985
7.949999999999619,0.9953937772576564
7.959999999999617,0.994385315028181
7.969999999999615,0.9932774150958543
7.979999999999617,0.9920701882497461
7.989999999999618,0.9907637552115354
7.999999999999616,0.9893582466234376
8.009999999999614,0.98785380303514
8.019999999999616,0.9862505748897471
8.029999999999617,0.9845487225087379
8.039999999999615,0.9827484160759331
8.049999999999613,0.980849835620475
8.059999999999615,0.9788531709988262
8.069999999999617,0.9767586218757858
8.079999999999615,0.9745663977045215
8.089999999999613,0.9722767177056225
8.099999999999614,0.9698898108451802
8.109999999999616,0.9674059158118922
8.119999999999614,0.9648252809931926
8.129999999999612,0.9621481644504123
8.139999999999613,0.9593748338929734
8.149999999999615,0.9565055666516216
8.159999999999613,0.9535406496506909
8.169999999999611,0.9504803793794098
8.179999999999612,0.947325061862254
8.189999999999614,0.9440750126283467
8.199999999999612,0.9407305566799045
8.20999999999961,0.9372920284597338
8.219999999999612,0.9337597718177899
8.229999999999613,0.9301341399767948
8.239999999999611,0.9264154954969126
8.24999999999961,0.922604210239491
8.25999999999961,0.9187006653298784
8.269999999999612,0.9147052511193141
8.27999999999961,0.9106183671458912
8.289999999999608,0.9064404220945997
8.29999999999961,0.9021718337564619
8.309999999999611,0.8978130289867557
8.31999999999961,0.8933644436623275
8.329999999999607,0.888826522638001
8.339999999999609,0.8841997197020952
8.34999999999961,0.87948449753105
8.359999999999609,0.8746813276431546
8.369999999999607,0.8697906903513937
8.379999999999608,0.8648130747154189
8.38999999999961,0.8597489784926479
8.399999999999608,0.8545989080884844
8.409999999999606,0.8493633785056754
8.419999999999607,0.8440429132928146
8.429999999999609,0.8386380444919911
8.439999999999607,0.8331493125855831
8.449999999999605,0.8275772664422053
8.459999999999607,0.8219224632618268
8.469999999999608,0.8161854685200551
8.479999999999606,0.8103668559115859
8.489999999999604,0.804467207292829
8.499999999999606,0.7984871126237276
8.509999999999607,0.7924271699087677
8.519999999999605,0.7862879851371729
8.529999999999603,0.7800701722223021
8.539999999999605,0.7737743529402632
8.549999999999606,0.7674011568677401
8.559999999999604,0.7609512213190314
8.569999999999602,0.7544251912823146
8.579999999999604,0.7478237193551528
8.589999999999606,0.7411474656792398
8.599999999999604,0.7343970978743822
8.609999999999602,0.7275732909717327
8.619999999999603,0.7206767273462927
8.629999999999605,0.7137080966486798
8.639999999999603,0.7066680957361595
8.6499999999996,0.6995574286029537
8.659999999999602,0.6923768063098475
8.669999999999604,0.6851269469130892
8.679999999999602,0.6778085753925793
8.6899999999996,0.6704224235793688
8.699999999999601,0.6629692300824812
8.709999999999603,0.6554497402150579
8.719999999999601,0.647864705919822
8.729999999999599,0.6402148856938796
8.7399999999996,0.6325010445128758
8.749999999999602,0.6247239537545031
8.7599999999996,0.6168843911213593
8.769999999999598,0.6089831405631719
8.7799999999996,0.6010209921984098
8.789999999999601,0.5929987422352769
8.7999999999996,0.5849171928920873
8.809999999999597,0.5767771523170379
8.819999999999599,0.5685794345073999
8.8299999999996,0.5603248592281258
8.839999999999598,0.5520142519298676
8.849999999999596,0.5436484436664268
8.859999999999598,0.5352282710116553
8.8699999999996,0.5267545759758047
8.879999999999598,0.5182282059213201
8.889999999999596,0.5096500134780988
8.899999999999597,0.5010208564582337
8.909999999999599,0.4923415977702386
8.919999999999597,0.4836131053327529
8.929999999999595,0.4748362519877436
8.939999999999596,0.4660119154132279
8.949999999999598,0.45714097803551285
8.959999999999596,0.44822432694094694
8.969999999999594,0.43926285378720603
8.979999999999595,0.4302574547141343
8.989999999999597,0.42120903025413786
8.999999999999595,0.4121184852421256
9.009999999999593,0.40298672872502006
9.019999999999595,0.3938146738708599
9.029999999999596,0.38460323787749046
9.039999999999594,0.3753533418808382
9.049999999999592,0.3660659108627912
9.059999999999594,0.3567418735587086
9.069999999999595,0.347382162364554
9.079999999999593,0.33798771324365046
9.089999999999591,0.32855946563307803
9.099999999999593,0.31909836234973765
9.109999999999594,0.30960534949607665
9.119999999999592,0.300081376365473
9.12999999999959,0.2905273953472998
9.139999999999592,0.28094436183169386
9.149999999999594,0.27133323411402427
9.159999999999592,0.26169497329905694
9.16999999999959,0.25203054320483814
9.179999999999591,0.24234091026632015
9.189999999999593,0.23262704343872564
9.19999999999959,0.22288991410064593
9.209999999999589,0.21313049595689715
9.21999999999959,0.20334976494115733
9.229999999999592,0.193548699118381
9.23999999999959,0.18372827858698634
9.249999999999588,0.1738894853808394
9.25999999999959,0.16403330337105826
9.269999999999591,0.154160718167634
9.279999999999589,0.14427271702086333
9.289999999999587,0.13437028872261741
9.299999999999589,0.12445442350747062
9.30999999999959,0.11452611295368473
9.319999999999588,0.10458634988404511
9.329999999999586,0.09463612826657208
9.339999999999588,0.08467644311513206
9.34999999999959,0.07470829038994398
9.359999999999587,0.06473266689797715
9.369999999999585,0.05475057019326422
9.379999999999587,0.04476299847715375
9.389999999999588,0.034770950498497946
9.399999999999586,0.02477542545377153
9.409999999999584,0.014777422887145859
9.419999999999586,0.004777942590542398
9.429999999999588,-0.005222015496338511
9.439999999999586,-0.015221451386017899
9.449999999999584,-0.025219365143243185
9.459999999999585,-0.03521475698497377
9.469999999999587,-0.04520662738035139
9.479999999999585,-0.05519397715065948
9.489999999999583,-0.06517580756924735
9.499999999999584,-0.07515112046139481
9.509999999999586,-0.08511891830412187
9.519999999999584,-0.09507820432594717
9.529999999999582,-0.10502798260657145
9.539999999999583,-0.11496725817646164
9.549999999999585,-0.12489503711633991
9.559999999999583,-0.13481032665658185
9.569999999999581,-0.14471213527649973
9.579999999999583,-0.15459947280348652
9.589999999999584,-0.1644713505120254
9.599999999999582,-0.1743267812225686
9.60999999999958,-0.18416477940026135
9.619999999999582,-0.19398436125348772
9.629999999999583,-0.20378454483224184
9.639999999999581,-0.21356435012632913
9.64999999999958,-0.22332279916337353
9.659999999999581,-0.23305891610660673
9.669999999999582,-0.2427717273524444
9.67999999999958,-0.25246026162785246
9.689999999999579,-0.2621235500874806
9.69999999999958,-0.271760626410539
9.709999999999582,-0.28137052689742276
9.71999999999958,-0.290952290566088
9.729999999999578,-0.3005049592481561
9.73999999999958,-0.3100275776847228
9.74999999999958,-0.3195191936218764
9.759999999999579,-0.32897885790592957
9.769999999999577,-0.3384056245783403
9.779999999999578,-0.34779855097030027
9.78999999999958,-0.3571566977969944
9.799999999999578,-0.36647912925153503
9.809999999999576,-0.37576491309854887
9.819999999999578,-0.38501312076739247
9.829999999999579,-0.39422282744500253
9.839999999999577,-0.40339311216838275
9.849999999999575,-0.41252305791670596
9.859999999999577,-0.4216117517030088
9.869999999999578,-0.4306582846654833
9.879999999999576,-0.4396617521583687
9.889999999999574,-0.4486212538424219
9.899999999999576,-0.45753589377494386
9.909999999999577,-0.4664047804993669
9.919999999999575,-0.47522702713440623
9.929999999999573,-0.48400175146275337
9.939999999999575,-0.49272807601929075
9.949999999999577,-0.5014051281788315
9.959999999999575,-0.5100320402433877
9.969999999999573,-0.5186079495289447
9.979999999999574,-0.5271319984517238
9.989999999999576,-0.5356033346139328
